ts,instrument,qty,price,fee,realized
2026-06-03T23:07:20.670195+00:00,MSFT,-123.0,403.72,0.0,0.0
2026-06-03T23:07:20.670214+00:00,AMD,293.0,170.61,0.0,0.0
2026-06-03T23:07:20.670269+00:00,NVDA,-76.0,661.45,0.0,0.0
2026-06-03T23:07:20.670278+00:00,MSFT,123.0,411.19,0.0,-918.8099999999963
2026-06-03T23:07:20.670286+00:00,AMD,-293.0,177.59,0.0,2045.139999999997
2026-06-03T23:07:20.670293+00:00,INTC,1187.0,42.6,0.0,0.0
2026-06-03T23:07:20.670329+00:00,INTC,-1.0,42.58,0.0,-0.020000000000003126
2026-06-03T23:07:20.670399+00:00,NVDA,5.0,693.26,0.0,-159.04999999999973
2026-06-03T23:07:20.670406+00:00,MSFT,121.0,405.54,0.0,0.0
2026-06-03T23:07:20.670413+00:00,INTC,-1186.0,42.75,0.0,177.89999999999833
2026-06-03T23:07:20.670456+00:00,NVDA,144.0,682.33,0.0,-1482.4799999999996
2026-06-03T23:07:20.670463+00:00,AAPL,-263.0,189.26,0.0,0.0
2026-06-03T23:07:20.670469+00:00,MSFT,-121.0,405.46000000000004,0.0,-9.679999999998074
2026-06-03T23:07:20.670516+00:00,NVDA,-73.0,700.88,0.0,1354.1499999999967
2026-06-03T23:07:20.670522+00:00,AAPL,529.0,189.41,0.0,-39.450000000001495
2026-06-03T23:07:20.670528+00:00,MSFT,-121.0,414.01,0.0,0.0
2026-06-03T23:07:20.670572+00:00,NVDA,72.0,696.86,0.0,0.0
2026-06-03T23:07:20.670578+00:00,AAPL,-266.0,188.34,0.0,-284.6199999999982
2026-06-03T23:07:20.670585+00:00,MSFT,121.0,414.1,0.0,-10.890000000003852
2026-06-03T23:07:20.670591+00:00,INTC,-1183.0,42.52,0.0,0.0
2026-06-03T23:07:20.670634+00:00,NVDA,-142.0,720.91,0.0,1731.5999999999967
2026-06-03T23:07:20.670640+00:00,AAPL,268.0,188.87,0.0,0.0
2026-06-03T23:07:20.670646+00:00,INTC,1183.0,43.32,0.0,-946.3999999999967
2026-06-03T23:07:20.670734+00:00,NVDA,70.0,723.12,0.0,-154.70000000000255
2026-06-03T23:07:20.670741+00:00,AAPL,-268.0,187.16,0.0,-458.28000000000213
2026-06-03T23:07:20.670746+00:00,MSFT,121.0,415.34000000000003,0.0,0.0
2026-06-03T23:07:20.670753+00:00,INTC,-1145.0,44.04,0.0,0.0
2026-06-03T23:07:20.670794+00:00,MSFT,2.0,406.65000000000003,0.0,0.0
2026-06-03T23:07:20.670800+00:00,INTC,1145.0,43.19,0.0,973.2500000000016
2026-06-03T23:07:20.670806+00:00,AMD,-293.0,171.58,0.0,0.0
2026-06-03T23:07:20.670848+00:00,AAPL,268.0,184.06,0.0,0.0
2026-06-03T23:07:20.670853+00:00,MSFT,-123.0,409.15000000000003,0.0,-743.9900000000085
2026-06-03T23:07:20.670859+00:00,AMD,16.0,178.73,0.0,-114.39999999999964
2026-06-03T23:07:20.670901+00:00,NVDA,68.0,726.98,0.0,0.0
2026-06-03T23:07:20.670907+00:00,AAPL,-268.0,183.82,0.0,-64.32000000000244
2026-06-03T23:07:20.670912+00:00,AMD,277.0,176.78,0.0,-1440.399999999997
2026-06-03T23:07:20.670918+00:00,INTC,-1128.0,44.050000000000004,0.0,0.0
2026-06-03T23:07:20.670958+00:00,NVDA,-68.0,725.47,0.0,-102.67999999999938
2026-06-03T23:07:20.670964+00:00,AAPL,274.0,182.34,0.0,0.0
2026-06-03T23:07:20.670969+00:00,INTC,-20.0,43.51,0.0,0.0
2026-06-03T23:07:20.671106+00:00,NVDA,70.0,694.99,0.0,0.0
2026-06-03T23:07:20.671113+00:00,AAPL,-274.0,181.6,0.0,-202.7600000000025
2026-06-03T23:07:20.671119+00:00,INTC,42.0,44.550000000000004,0.0,-21.395121951219622
2026-06-03T23:07:20.671161+00:00,NVDA,2.0,674.85,0.0,0.0
2026-06-03T23:07:20.671166+00:00,AAPL,-269.0,182.28,0.0,0.0
2026-06-03T23:07:20.671171+00:00,INTC,1106.0,43.49,0.0,608.9551219512191
2026-06-03T23:07:20.671213+00:00,NVDA,-139.0,785.11,0.0,6528.920000000002
2026-06-03T23:07:20.671219+00:00,AAPL,269.0,184.38,0.0,-564.8999999999985
2026-06-03T23:07:20.671224+00:00,INTC,1230.0,42.96,0.0,0.0
2026-06-03T23:07:20.671265+00:00,NVDA,67.0,788.4300000000001,0.0,-222.44000000000335
2026-06-03T23:07:20.671286+00:00,AMD,298.0,176.51,0.0,0.0
2026-06-03T23:07:20.671293+00:00,INTC,-2457.0,42.96,0.0,0.0
2026-06-03T23:07:20.671381+00:00,MSFT,129.0,407.62,0.0,0.0
2026-06-03T23:07:20.671386+00:00,AMD,-298.0,175.95000000000002,0.0,-166.8799999999922
2026-06-03T23:07:20.671393+00:00,INTC,2.0,42.980000000000004,0.0,-0.04000000000000625
2026-06-03T23:07:20.671434+00:00,NVDA,67.0,787.73,0.0,0.0
2026-06-03T23:07:20.671440+00:00,AAPL,-288.0,182.62,0.0,0.0
2026-06-03T23:07:20.671446+00:00,MSFT,-129.0,407.47,0.0,-19.349999999997067
2026-06-03T23:07:20.671452+00:00,INTC,1225.0,42.75,0.0,257.250000000001
2026-06-03T23:07:20.671492+00:00,NVDA,-67.0,776.79,0.0,-732.9800000000037
2026-06-03T23:07:20.671498+00:00,AAPL,288.0,181.49,0.0,325.4399999999987
2026-06-03T23:07:20.671504+00:00,MSFT,-128.0,407.66,0.0,0.0
2026-06-03T23:07:20.671508+00:00,INTC,1251.0,42.01,0.0,0.0
2026-06-03T23:07:20.671548+00:00,AAPL,292.0,180.77,0.0,0.0
2026-06-03T23:07:20.671553+00:00,MSFT,128.0,413.5,0.0,-747.5199999999968
2026-06-03T23:07:20.671559+00:00,INTC,-1251.0,43.0,0.0,1238.4900000000025
2026-06-03T23:07:20.671564+00:00,AMD,-274.0,192.46,0.0,0.0
2026-06-03T23:07:20.671604+00:00,AAPL,-7.0,179.6,0.0,-8.190000000000111
2026-06-03T23:07:20.671610+00:00,AMD,274.0,202.63,0.0,-2786.5799999999967
2026-06-03T23:07:20.671615+00:00,INTC,-1169.0,43.82,0.0,0.0
2026-06-03T23:07:20.671700+00:00,AAPL,-2.0,175.05,0.0,-11.439999999999998
2026-06-03T23:07:20.671706+00:00,INTC,83.0,45.62,0.0,-149.39999999999975
2026-06-03T23:07:20.671746+00:00,NVDA,-58.0,859.62,0.0,0.0
2026-06-03T23:07:20.671751+00:00,AAPL,-283.0,170.1,0.0,-3019.6100000000047
2026-06-03T23:07:20.671757+00:00,INTC,2248.0,43.17,0.0,705.8999999999985
2026-06-03T23:07:20.671796+00:00,NVDA,58.0,887.62,0.0,-1624.0
2026-06-03T23:07:20.671802+00:00,MSFT,124.0,402.08,0.0,0.0
2026-06-03T23:07:20.671807+00:00,INTC,-2288.0,44.49,0.0,1533.8400000000004
2026-06-03T23:07:20.671846+00:00,AMD,234.0,211.36,0.0,0.0
2026-06-03T23:07:20.671851+00:00,MSFT,-124.0,408.94,0.0,850.6400000000017
2026-06-03T23:07:20.671856+00:00,INTC,51.0,46.15,0.0,-84.65999999999983
2026-06-03T23:07:20.671896+00:00,AAPL,-294.0,170.95000000000002,0.0,0.0
2026-06-03T23:07:20.671902+00:00,AMD,-234.0,207.26,0.0,-959.4000000000053
2026-06-03T23:07:20.671907+00:00,INTC,2217.0,44.02,0.0,505.24999999999875
2026-06-03T23:07:20.671969+00:00,AAPL,2.0,172.84,0.0,-3.7799999999999727
2026-06-03T23:07:20.671975+00:00,INTC,-1142.0,44.85,0.0,947.8599999999981
2026-06-03T23:07:20.671980+00:00,AMD,254.0,198.48000000000002,0.0,0.0
2026-06-03T23:07:20.672019+00:00,AAPL,292.0,173.23,0.0,-665.759999999992
2026-06-03T23:07:20.672025+00:00,MSFT,-122.0,415.09000000000003,0.0,0.0
2026-06-03T23:07:20.672030+00:00,AMD,-254.0,202.67000000000002,0.0,1064.2599999999993
2026-06-03T23:07:20.672036+00:00,INTC,1127.0,45.2,0.0,0.0
2026-06-03T23:07:20.672076+00:00,MSFT,2.0,415.26,0.0,-0.33999999999991815
2026-06-03T23:07:20.672082+00:00,INTC,25.0,43.25,0.0,0.0
2026-06-03T23:07:20.672121+00:00,MSFT,5.0,425.58,0.0,-52.44999999999976
2026-06-03T23:07:20.672127+00:00,INTC,-1152.0,42.77,0.0,-2750.609999999997
2026-06-03T23:07:20.672132+00:00,AMD,261.0,187.47,0.0,0.0
2026-06-03T23:07:20.672172+00:00,MSFT,234.0,416.6,0.0,-173.64999999999895
2026-06-03T23:07:20.672178+00:00,AMD,-522.0,191.01,0.0,923.9399999999979
2026-06-03T23:07:20.672261+00:00,AAPL,-288.0,173.65,0.0,0.0
2026-06-03T23:07:20.672266+00:00,MSFT,-119.0,417.23,0.0,74.96999999999946
2026-06-03T23:07:20.672286+00:00,AMD,523.0,190.71,0.0,78.29999999999555
2026-06-03T23:07:20.672347+00:00,AAPL,13.0,176.14000000000001,0.0,-32.37000000000012
2026-06-03T23:07:20.672353+00:00,AMD,5.0,181.39000000000001,0.0,0.0
2026-06-03T23:07:20.672393+00:00,AAPL,7.0,178.65,0.0,-35.0
2026-06-03T23:07:20.672399+00:00,AMD,-1.0,179.68,0.0,-10.855468164794019
2026-06-03T23:07:20.672439+00:00,AAPL,552.0,171.41,0.0,600.3200000000024
2026-06-03T23:07:20.672448+00:00,MSFT,-113.0,429.3,0.0,0.0
2026-06-03T23:07:20.672453+00:00,AMD,-266.0,178.56,0.0,-3185.47453183521
2026-06-03T23:07:20.672493+00:00,NVDA,-51.0,942.83,0.0,0.0
2026-06-03T23:07:20.672498+00:00,AAPL,-284.0,172.24,0.0,235.72000000000355
2026-06-03T23:07:20.672504+00:00,MSFT,226.0,428.95,0.0,39.55000000000257
2026-06-03T23:07:20.672589+00:00,NVDA,1.0,950.54,0.0,-7.709999999999923
2026-06-03T23:07:20.672595+00:00,MSFT,1.0,423.03000000000003,0.0,0.0
2026-06-03T23:07:20.672637+00:00,NVDA,102.0,926.47,0.0,818.0000000000007
2026-06-03T23:07:20.672643+00:00,MSFT,-114.0,421.89,0.0,-798.9200000000009
2026-06-03T23:07:20.672648+00:00,INTC,-1162.0,41.99,0.0,0.0
2026-06-03T23:07:20.672688+00:00,AAPL,-272.0,173.32,0.0,0.0
2026-06-03T23:07:20.672694+00:00,INTC,1162.0,43.78,0.0,-2079.979999999999
2026-06-03T23:07:20.672733+00:00,NVDA,-52.0,902.66,0.0,-1238.120000000003
2026-06-03T23:07:20.672739+00:00,AAPL,548.0,171.54,0.0,484.1600000000003
2026-06-03T23:07:20.672745+00:00,INTC,-1074.0,44.13,0.0,0.0
2026-06-03T23:07:20.672853+00:00,INTC,1074.0,44.51,0.0,-408.1199999999951
2026-06-03T23:07:20.672859+00:00,AMD,-256.0,183.23,0.0,0.0
